"[u'Lone tree on sunset in Mansfield, Victoria by Alex Wise [OC][900x600]']"
"[u'A perfect summer evening at Lake P\xe4lk\xe4ne, Finland. [OC] [2996 x 2247]']"
"[u'Mt. Alpamayo, Peru. By Brad Mering [1280x960]']"
"[u'Not the most exotic location, but still beautiful! - Sunset from Blackrock Summit. Shenandoah National Park, VA [1125x750] [OC]']"
"[u'Modro Jezero, Croatia [900x600]']"
[u'Sunset on Delicate Arch in Utah [OC] [1024x682]']
[u'I live in the Colorado foothills. This is a common sight from October to April. [OC][3234x886]']
"[u'Kaituer Falls, Guyana [3500 X 2187]']"
[u'I went backpacking in the Wind River Range and this is what I found.[OC][4128x2322]']
"[u'Mount Rundle, Banff by Phil (1600 x 1067)']"
[u'Colorful Landmannalaugar in the highland of Iceland [1876x1227] by Helga Urb\xe1n']
"[u'Twin Lakes from Toxaway Summit, Idaho [OC] by Mike Sanders [3648x5472]']"
"[u'Iceland, July 2014. Photo by Lucyna Koch. [800x533]']"
"[u""Tuckerman's Ravine, Mt. Washington, White Mtns. New Hampshire, United States[3552 x 2000]""]"
[u'A iceberg from a nearby glacier in Northern Greenland. Photo by Sebastian Copeland. [1365x2048]']
"[u'Fiji, Sigatoka Sand Dune [OC] [2048 x 799]']"
"[u'Teahupoo, Tahiti by Julien Boissieres [5000x3000]']"
"[u'Maroon Bells, Colorado [4608x3072] [OC]']"
"[u'Spider web on the Sussex Downs, England [3872x2952]']"
"[u'Banff National Park, AB, Canada [4608x3072] [OC]']"
"[u'Pharaoh Lake from the summit of Pharaoh Mountain. Adirondack National Forest, NY [OC] [2448x3264]']"
[u'Night at Crater Lake [1600x1068][OC]']
"[u'Black Tusk Lake, near Whistler [OC] [2048x1104]']"
"[u'The north Cornish coast, UK, in early summer (OC) [1024x683].']"
"[u'360\xb0 view at Red Rock Canyon, Nevada [8436x4218].']"
